"anio","pob_total","pob_varones","pob_mujeres","provincia"
"2010","15716942.00000","7678592.00000","8038350.00000","Buenos Aires"
"2011","15909607.00000","7776525.00000","8133082.00000","Buenos Aires"
"2012","16100618.00000","7873684.00000","8226934.00000","Buenos Aires"
"2013","16289599.00000","7969864.00000","8319735.00000","Buenos Aires"
"2014","16476149.00000","8064849.00000","8411300.00000","Buenos Aires"
"2015","16659931.00000","8158456.00000","8501475.00000","Buenos Aires"
"2016","16841135.00000","8250777.00000","8590358.00000","Buenos Aires"
"2017","17020012.00000","8341933.00000","8678079.00000","Buenos Aires"
"2018","17196396.00000","8431831.00000","8764565.00000","Buenos Aires"
"2019","17370144.00000","8520388.00000","8849756.00000","Buenos Aires"
"2020","17541141.00000","8607537.00000","8933604.00000","Buenos Aires"
"2021","17709598.00000","8693385.00000","9016213.00000","Buenos Aires"
"2022","17875743.00000","8778048.00000","9097695.00000","Buenos Aires"
"2023","18039509.00000","8861488.00000","9178021.00000","Buenos Aires"
"2024","18200851.00000","8943682.00000","9257169.00000","Buenos Aires"
"2025","18359753.00000","9024621.00000","9335132.00000","Buenos Aires"
"2026","18516459.00000","9104437.00000","9412022.00000","Buenos Aires"
"2027","18671214.00000","9183262.00000","9487952.00000","Buenos Aires"
"2028","18824007.00000","9261094.00000","9562913.00000","Buenos Aires"
"2029","18974810.00000","9337923.00000","9636887.00000","Buenos Aires"
"2030","19123592.00000","9413737.00000","9709855.00000","Buenos Aires"
"2031","19270454.00000","9488592.00000","9781862.00000","Buenos Aires"
"2032","19415494.00000","9562541.00000","9852953.00000","Buenos Aires"
"2033","19558673.00000","9635567.00000","9923106.00000","Buenos Aires"
"2034","19699931.00000","9707643.00000","9992288.00000","Buenos Aires"
"2035","19839191.00000","9778732.00000","10060459.00000","Buenos Aires"
"2036","19976410.00000","9848813.00000","10127597.00000","Buenos Aires"
"2037","20111548.00000","9917868.00000","10193680.00000","Buenos Aires"
"2038","20244529.00000","9985856.00000","10258673.00000","Buenos Aires"
"2039","20375264.00000","10052731.00000","10322533.00000","Buenos Aires"
"2040","20503653.00000","10118438.00000","10385215.00000","Buenos Aires"
"2010","3028481.00000","1405566.00000","1622915.00000","CABA"
"2011","3033639.00000","1409835.00000","1623804.00000","CABA"
"2012","3038860.00000","1414105.00000","1624755.00000","CABA"
"2013","3044076.00000","1418339.00000","1625737.00000","CABA"
"2014","3049229.00000","1422507.00000","1626722.00000","CABA"
"2015","3054267.00000","1426582.00000","1627685.00000","CABA"
"2016","3059122.00000","1430531.00000","1628591.00000","CABA"
"2017","3063728.00000","1434323.00000","1629405.00000","CABA"
"2018","3068043.00000","1437936.00000","1630107.00000","CABA"
"2019","3072029.00000","1441350.00000","1630679.00000","CABA"
"2020","3075646.00000","1444545.00000","1631101.00000","CABA"
"2021","3078836.00000","1447495.00000","1631341.00000","CABA"
"2022","3081550.00000","1450179.00000","1631371.00000","CABA"
"2023","3083770.00000","1452588.00000","1631182.00000","CABA"
"2024","3085483.00000","1454716.00000","1630767.00000","CABA"
"2025","3086680.00000","1456560.00000","1630120.00000","CABA"
"2026","3087338.00000","1458111.00000","1629227.00000","CABA"
"2027","3087434.00000","1459359.00000","1628075.00000","CABA"
"2028","3086973.00000","1460309.00000","1626664.00000","CABA"
"2029","3085971.00000","1460970.00000","1625001.00000","CABA"
"2030","3084450.00000","1461355.00000","1623095.00000","CABA"
"2031","3082415.00000","1461471.00000","1620944.00000","CABA"
"2032","3079869.00000","1461324.00000","1618545.00000","CABA"
"2033","3076845.00000","1460932.00000","1615913.00000","CABA"
"2034","3073375.00000","1460312.00000","1613063.00000","CABA"
"2035","3069488.00000","1459479.00000","1610009.00000","CABA"
"2036","3065183.00000","1458434.00000","1606749.00000","CABA"
"2037","3060454.00000","1457173.00000","1603281.00000","CABA"
"2038","3055302.00000","1455695.00000","1599607.00000","CABA"
"2039","3049723.00000","1453997.00000","1595726.00000","CABA"
"2040","3043704.00000","1452069.00000","1591635.00000","CABA"
"2010","377676.00000","188677.00000","188999.00000","Catamarca"
"2011","381548.00000","190654.00000","190894.00000","Catamarca"
"2012","385408.00000","192625.00000","192783.00000","Catamarca"
"2013","389256.00000","194590.00000","194666.00000","Catamarca"
"2014","393088.00000","196547.00000","196541.00000","Catamarca"
"2015","396895.00000","198490.00000","198405.00000","Catamarca"
"2016","400678.00000","200420.00000","200258.00000","Catamarca"
"2017","404433.00000","202334.00000","202099.00000","Catamarca"
"2018","408152.00000","204228.00000","203924.00000","Catamarca"
"2019","411824.00000","206096.00000","205728.00000","Catamarca"
"2020","415438.00000","207933.00000","207505.00000","Catamarca"
"2021","418991.00000","209737.00000","209254.00000","Catamarca"
"2022","422476.00000","211503.00000","210973.00000","Catamarca"
"2023","425885.00000","213228.00000","212657.00000","Catamarca"
"2024","429208.00000","214907.00000","214301.00000","Catamarca"
"2025","432438.00000","216536.00000","215902.00000","Catamarca"
"2026","435572.00000","218113.00000","217459.00000","Catamarca"
"2027","438610.00000","219639.00000","218971.00000","Catamarca"
"2028","441548.00000","221112.00000","220436.00000","Catamarca"
"2029","444382.00000","222529.00000","221853.00000","Catamarca"
"2030","447107.00000","223889.00000","223218.00000","Catamarca"
"2031","449719.00000","225189.00000","224530.00000","Catamarca"
"2032","452217.00000","226430.00000","225787.00000","Catamarca"
"2033","454596.00000","227608.00000","226988.00000","Catamarca"
"2034","456854.00000","228723.00000","228131.00000","Catamarca"
"2035","458989.00000","229774.00000","229215.00000","Catamarca"
"2036","460999.00000","230761.00000","230238.00000","Catamarca"
"2037","462883.00000","231683.00000","231200.00000","Catamarca"
"2038","464640.00000","232540.00000","232100.00000","Catamarca"
"2039","466275.00000","233334.00000","232941.00000","Catamarca"
"2040","467787.00000","234065.00000","233722.00000","Catamarca"
"2010","1080017.00000","534347.00000","545670.00000","Chaco"
"2011","1092625.00000","540391.00000","552234.00000","Chaco"
"2012","1105280.00000","546471.00000","558809.00000","Chaco"
"2013","1117953.00000","552570.00000","565383.00000","Chaco"
"2014","1130608.00000","558670.00000","571938.00000","Chaco"
"2015","1143201.00000","564746.00000","578455.00000","Chaco"
"2016","1155723.00000","570793.00000","584930.00000","Chaco"
"2017","1168165.00000","576806.00000","591359.00000","Chaco"
"2018","1180477.00000","582759.00000","597718.00000","Chaco"
"2019","1192616.00000","588629.00000","603987.00000","Chaco"
"2020","1204541.00000","594394.00000","610147.00000","Chaco"
"2021","1216247.00000","600052.00000","616195.00000","Chaco"
"2022","1227736.00000","605603.00000","622133.00000","Chaco"
"2023","1238989.00000","611037.00000","627952.00000","Chaco"
"2024","1249992.00000","616347.00000","633645.00000","Chaco"
"2025","1260737.00000","621528.00000","639209.00000","Chaco"
"2026","1271241.00000","626589.00000","644652.00000","Chaco"
"2027","1281525.00000","631540.00000","649985.00000","Chaco"
"2028","1291581.00000","636378.00000","655203.00000","Chaco"
"2029","1301397.00000","641096.00000","660301.00000","Chaco"
"2030","1310964.00000","645690.00000","665274.00000","Chaco"
"2031","1320278.00000","650158.00000","670120.00000","Chaco"
"2032","1329337.00000","654500.00000","674837.00000","Chaco"
"2033","1338130.00000","658710.00000","679420.00000","Chaco"
"2034","1346652.00000","662787.00000","683865.00000","Chaco"
"2035","1354895.00000","666726.00000","688169.00000","Chaco"
"2036","1362863.00000","670530.00000","692333.00000","Chaco"
"2037","1370566.00000","674204.00000","696362.00000","Chaco"
"2038","1378007.00000","677751.00000","700256.00000","Chaco"
"2039","1385188.00000","681171.00000","704017.00000","Chaco"
"2040","1392114.00000","684468.00000","707646.00000","Chaco"
"2010","513433.00000","256540.00000","256893.00000","Chubut"
"2011","524201.00000","262005.00000","262196.00000","Chubut"
"2012","534945.00000","267460.00000","267485.00000","Chubut"
"2013","545656.00000","272901.00000","272755.00000","Chubut"
"2014","556319.00000","278319.00000","278000.00000","Chubut"
"2015","566922.00000","283708.00000","283214.00000","Chubut"
"2016","577466.00000","289068.00000","288398.00000","Chubut"
"2017","587956.00000","294402.00000","293554.00000","Chubut"
"2018","598380.00000","299702.00000","298678.00000","Chubut"
"2019","608729.00000","304965.00000","303764.00000","Chubut"
"2020","618994.00000","310185.00000","308809.00000","Chubut"
"2021","629181.00000","315365.00000","313816.00000","Chubut"
"2022","639294.00000","320508.00000","318786.00000","Chubut"
"2023","649330.00000","325610.00000","323720.00000","Chubut"
"2024","659284.00000","330670.00000","328614.00000","Chubut"
"2025","669155.00000","335688.00000","333467.00000","Chubut"
"2026","678951.00000","340667.00000","338284.00000","Chubut"
"2027","688682.00000","345612.00000","343070.00000","Chubut"
"2028","698351.00000","350524.00000","347827.00000","Chubut"
"2029","707956.00000","355402.00000","352554.00000","Chubut"
"2030","717495.00000","360246.00000","357249.00000","Chubut"
"2031","726971.00000","365057.00000","361914.00000","Chubut"
"2032","736386.00000","369836.00000","366550.00000","Chubut"
"2033","745737.00000","374582.00000","371155.00000","Chubut"
"2034","755021.00000","379293.00000","375728.00000","Chubut"
"2035","764230.00000","383965.00000","380265.00000","Chubut"
"2036","773367.00000","388600.00000","384767.00000","Chubut"
"2037","782427.00000","393195.00000","389232.00000","Chubut"
"2038","791405.00000","397749.00000","393656.00000","Chubut"
"2039","800299.00000","402259.00000","398040.00000","Chubut"
"2040","809102.00000","406723.00000","402379.00000","Chubut"
"2010","1017731.00000","501452.00000","516279.00000","Corrientes"
"2011","1028248.00000","506702.00000","521546.00000","Corrientes"
"2012","1038786.00000","511969.00000","526817.00000","Corrientes"
"2013","1049325.00000","517240.00000","532085.00000","Corrientes"
"2014","1059836.00000","522500.00000","537336.00000","Corrientes"
"2015","1070283.00000","527731.00000","542552.00000","Corrientes"
"2016","1080655.00000","532925.00000","547730.00000","Corrientes"
"2017","1090938.00000","538075.00000","552863.00000","Corrientes"
"2018","1101084.00000","543156.00000","557928.00000","Corrientes"
"2019","1111052.00000","548147.00000","562905.00000","Corrientes"
"2020","1120801.00000","553026.00000","567775.00000","Corrientes"
"2021","1130320.00000","557787.00000","572533.00000","Corrientes"
"2022","1139604.00000","562427.00000","577177.00000","Corrientes"
"2023","1148631.00000","566935.00000","581696.00000","Corrientes"
"2024","1157386.00000","571303.00000","586083.00000","Corrientes"
"2025","1165860.00000","575526.00000","590334.00000","Corrientes"
"2026","1174065.00000","579610.00000","594455.00000","Corrientes"
"2027","1182008.00000","583560.00000","598448.00000","Corrientes"
"2028","1189680.00000","587371.00000","602309.00000","Corrientes"
"2029","1197076.00000","591042.00000","606034.00000","Corrientes"
"2030","1204189.00000","594569.00000","609620.00000","Corrientes"
"2031","1211027.00000","597957.00000","613070.00000","Corrientes"
"2032","1217593.00000","601207.00000","616386.00000","Corrientes"
"2033","1223885.00000","604319.00000","619566.00000","Corrientes"
"2034","1229901.00000","607293.00000","622608.00000","Corrientes"
"2035","1235644.00000","610131.00000","625513.00000","Corrientes"
"2036","1241119.00000","612836.00000","628283.00000","Corrientes"
"2037","1246340.00000","615417.00000","630923.00000","Corrientes"
"2038","1251313.00000","617876.00000","633437.00000","Corrientes"
"2039","1256046.00000","620219.00000","635827.00000","Corrientes"
"2040","1260548.00000","622451.00000","638097.00000","Corrientes"
"2010","3373025.00000","1642300.00000","1730725.00000","Córdoba"
"2011","3411773.00000","1661989.00000","1749784.00000","Córdoba"
"2012","3450673.00000","1681770.00000","1768903.00000","Córdoba"
"2013","3489669.00000","1701613.00000","1788056.00000","Córdoba"
"2014","3528687.00000","1721478.00000","1807209.00000","Córdoba"
"2015","3567654.00000","1741325.00000","1826329.00000","Córdoba"
"2016","3606540.00000","1761138.00000","1845402.00000","Córdoba"
"2017","3645321.00000","1780905.00000","1864416.00000","Córdoba"
"2018","3683937.00000","1800593.00000","1883344.00000","Córdoba"
"2019","3722332.00000","1820172.00000","1902160.00000","Córdoba"
"2020","3760450.00000","1839612.00000","1920838.00000","Córdoba"
"2021","3798261.00000","1858896.00000","1939365.00000","Córdoba"
"2022","3835738.00000","1878010.00000","1957728.00000","Córdoba"
"2023","3872830.00000","1896928.00000","1975902.00000","Córdoba"
"2024","3909489.00000","1915625.00000","1993864.00000","Córdoba"
"2025","3945677.00000","1934082.00000","2011595.00000","Córdoba"
"2026","3981393.00000","1952301.00000","2029092.00000","Córdoba"
"2027","4016659.00000","1970295.00000","2046364.00000","Córdoba"
"2028","4051461.00000","1988057.00000","2063404.00000","Córdoba"
"2029","4085783.00000","2005579.00000","2080204.00000","Córdoba"
"2030","4119615.00000","2022857.00000","2096758.00000","Córdoba"
"2031","4152951.00000","2039888.00000","2113063.00000","Córdoba"
"2032","4185790.00000","2056671.00000","2129119.00000","Córdoba"
"2033","4218137.00000","2073209.00000","2144928.00000","Córdoba"
"2034","4250000.00000","2089505.00000","2160495.00000","Córdoba"
"2035","4281389.00000","2105563.00000","2175826.00000","Córdoba"
"2036","4312310.00000","2121388.00000","2190922.00000","Córdoba"
"2037","4342769.00000","2136982.00000","2205787.00000","Córdoba"
"2038","4372781.00000","2152351.00000","2220430.00000","Córdoba"
"2039","4402358.00000","2167500.00000","2234858.00000","Córdoba"
"2040","4431509.00000","2182434.00000","2249075.00000","Córdoba"
"2010","1255574.00000","615107.00000","640467.00000","Entre Ríos"
"2011","1268744.00000","621717.00000","647027.00000","Entre Ríos"
"2012","1281931.00000","628346.00000","653585.00000","Entre Ríos"
"2013","1295121.00000","634985.00000","660136.00000","Entre Ríos"
"2014","1308290.00000","641619.00000","666671.00000","Entre Ríos"
"2015","1321415.00000","648236.00000","673179.00000","Entre Ríos"
"2016","1334489.00000","654832.00000","679657.00000","Entre Ríos"
"2017","1347508.00000","661403.00000","686105.00000","Entre Ríos"
"2018","1360443.00000","667934.00000","692509.00000","Entre Ríos"
"2019","1373270.00000","674412.00000","698858.00000","Entre Ríos"
"2020","1385961.00000","680822.00000","705139.00000","Entre Ríos"
"2021","1398510.00000","687159.00000","711351.00000","Entre Ríos"
"2022","1410908.00000","693419.00000","717489.00000","Entre Ríos"
"2023","1423136.00000","699592.00000","723544.00000","Entre Ríos"
"2024","1435177.00000","705669.00000","729508.00000","Entre Ríos"
"2025","1447019.00000","711644.00000","735375.00000","Entre Ríos"
"2026","1458661.00000","717517.00000","741144.00000","Entre Ríos"
"2027","1470109.00000","723292.00000","746817.00000","Entre Ríos"
"2028","1481358.00000","728967.00000","752391.00000","Entre Ríos"
"2029","1492399.00000","734538.00000","757861.00000","Entre Ríos"
"2030","1503222.00000","740000.00000","763222.00000","Entre Ríos"
"2031","1513825.00000","745353.00000","768472.00000","Entre Ríos"
"2032","1524206.00000","750595.00000","773611.00000","Entre Ríos"
"2033","1534359.00000","755724.00000","778635.00000","Entre Ríos"
"2034","1544281.00000","760740.00000","783541.00000","Entre Ríos"
"2035","1553972.00000","765642.00000","788330.00000","Entre Ríos"
"2036","1563429.00000","770428.00000","793001.00000","Entre Ríos"
"2037","1572653.00000","775100.00000","797553.00000","Entre Ríos"
"2038","1581648.00000","779660.00000","801988.00000","Entre Ríos"
"2039","1590415.00000","784108.00000","806307.00000","Entre Ríos"
"2040","1598960.00000","788447.00000","810513.00000","Entre Ríos"
"2010","551626.00000","275092.00000","276534.00000","Formosa"
"2011","557223.00000","277823.00000","279400.00000","Formosa"
"2012","562794.00000","280542.00000","282252.00000","Formosa"
"2013","568331.00000","283244.00000","285087.00000","Formosa"
"2014","573823.00000","285924.00000","287899.00000","Formosa"
"2015","579250.00000","288571.00000","290679.00000","Formosa"
"2016","584614.00000","291187.00000","293427.00000","Formosa"
"2017","589916.00000","293772.00000","296144.00000","Formosa"
"2018","595129.00000","296313.00000","298816.00000","Formosa"
"2019","600229.00000","298797.00000","301432.00000","Formosa"
"2020","605193.00000","301213.00000","303980.00000","Formosa"
"2021","610019.00000","303560.00000","306459.00000","Formosa"
"2022","614706.00000","305837.00000","308869.00000","Formosa"
"2023","619240.00000","308037.00000","311203.00000","Formosa"
"2024","623605.00000","310153.00000","313452.00000","Formosa"
"2025","627790.00000","312179.00000","315611.00000","Formosa"
"2026","631801.00000","314118.00000","317683.00000","Formosa"
"2027","635646.00000","315975.00000","319671.00000","Formosa"
"2028","639319.00000","317746.00000","321573.00000","Formosa"
"2029","642812.00000","319428.00000","323384.00000","Formosa"
"2030","646119.00000","321018.00000","325101.00000","Formosa"
"2031","649242.00000","322517.00000","326725.00000","Formosa"
"2032","652185.00000","323928.00000","328257.00000","Formosa"
"2033","654940.00000","325247.00000","329693.00000","Formosa"
"2034","657503.00000","326471.00000","331032.00000","Formosa"
"2035","659871.00000","327600.00000","332271.00000","Formosa"
"2036","662045.00000","328634.00000","333411.00000","Formosa"
"2037","664031.00000","329577.00000","334454.00000","Formosa"
"2038","665827.00000","330428.00000","335399.00000","Formosa"
"2039","667437.00000","331189.00000","336248.00000","Formosa"
"2040","668865.00000","331862.00000","337003.00000","Formosa"
"2010","683513.00000","336954.00000","346559.00000","Jujuy"
"2011","692379.00000","341398.00000","350981.00000","Jujuy"
"2012","701252.00000","345849.00000","355403.00000","Jujuy"
"2013","710121.00000","350301.00000","359820.00000","Jujuy"
"2014","718971.00000","354747.00000","364224.00000","Jujuy"
"2015","727780.00000","359175.00000","368605.00000","Jujuy"
"2016","736542.00000","363581.00000","372961.00000","Jujuy"
"2017","745252.00000","367963.00000","377289.00000","Jujuy"
"2018","753891.00000","372312.00000","381579.00000","Jujuy"
"2019","762440.00000","376618.00000","385822.00000","Jujuy"
"2020","770881.00000","380872.00000","390009.00000","Jujuy"
"2021","779212.00000","385072.00000","394140.00000","Jujuy"
"2022","787436.00000","389221.00000","398215.00000","Jujuy"
"2023","795539.00000","393311.00000","402228.00000","Jujuy"
"2024","803507.00000","397335.00000","406172.00000","Jujuy"
"2025","811328.00000","401287.00000","410041.00000","Jujuy"
"2026","819006.00000","405169.00000","413837.00000","Jujuy"
"2027","826541.00000","408980.00000","417561.00000","Jujuy"
"2028","833925.00000","412717.00000","421208.00000","Jujuy"
"2029","841151.00000","416376.00000","424775.00000","Jujuy"
"2030","848213.00000","419954.00000","428259.00000","Jujuy"
"2031","855109.00000","423451.00000","431658.00000","Jujuy"
"2032","861838.00000","426866.00000","434972.00000","Jujuy"
"2033","868393.00000","430194.00000","438199.00000","Jujuy"
"2034","874769.00000","433434.00000","441335.00000","Jujuy"
"2035","880965.00000","436585.00000","444380.00000","Jujuy"
"2036","886977.00000","439645.00000","447332.00000","Jujuy"
"2037","892807.00000","442615.00000","450192.00000","Jujuy"
"2038","898453.00000","445494.00000","452959.00000","Jujuy"
"2039","903916.00000","448283.00000","455633.00000","Jujuy"
"2040","909196.00000","450981.00000","458215.00000","Jujuy"
"2010","327028.00000","162435.00000","164593.00000","La Pampa"
"2011","330268.00000","164027.00000","166241.00000","La Pampa"
"2012","333496.00000","165612.00000","167884.00000","La Pampa"
"2013","336706.00000","167187.00000","169519.00000","La Pampa"
"2014","339895.00000","168750.00000","171145.00000","La Pampa"
"2015","343056.00000","170298.00000","172758.00000","La Pampa"
"2016","346191.00000","171831.00000","174360.00000","La Pampa"
"2017","349299.00000","173350.00000","175949.00000","La Pampa"
"2018","352378.00000","174853.00000","177525.00000","La Pampa"
"2019","355422.00000","176337.00000","179085.00000","La Pampa"
"2020","358428.00000","177801.00000","180627.00000","La Pampa"
"2021","361394.00000","179244.00000","182150.00000","La Pampa"
"2022","364322.00000","180667.00000","183655.00000","La Pampa"
"2023","367207.00000","182068.00000","185139.00000","La Pampa"
"2024","370047.00000","183445.00000","186602.00000","La Pampa"
"2025","372838.00000","184796.00000","188042.00000","La Pampa"
"2026","375579.00000","186122.00000","189457.00000","La Pampa"
"2027","378272.00000","187424.00000","190848.00000","La Pampa"
"2028","380911.00000","188698.00000","192213.00000","La Pampa"
"2029","383495.00000","189945.00000","193550.00000","La Pampa"
"2030","386024.00000","191163.00000","194861.00000","La Pampa"
"2031","388496.00000","192353.00000","196143.00000","La Pampa"
"2032","390910.00000","193514.00000","197396.00000","La Pampa"
"2033","393265.00000","194646.00000","198619.00000","La Pampa"
"2034","395561.00000","195748.00000","199813.00000","La Pampa"
"2035","397800.00000","196822.00000","200978.00000","La Pampa"
"2036","399980.00000","197867.00000","202113.00000","La Pampa"
"2037","402103.00000","198884.00000","203219.00000","La Pampa"
"2038","404168.00000","199873.00000","204295.00000","La Pampa"
"2039","406177.00000","200835.00000","205342.00000","La Pampa"
"2040","408128.00000","201768.00000","206360.00000","La Pampa"
"2010","342582.00000","170647.00000","171935.00000","La Rioja"
"2011","347494.00000","173075.00000","174419.00000","La Rioja"
"2012","352476.00000","175541.00000","176935.00000","La Rioja"
"2013","357516.00000","178039.00000","179477.00000","La Rioja"
"2014","362605.00000","180563.00000","182042.00000","La Rioja"
"2015","367728.00000","183105.00000","184623.00000","La Rioja"
"2016","372879.00000","185662.00000","187217.00000","La Rioja"
"2017","378047.00000","188229.00000","189818.00000","La Rioja"
"2018","383220.00000","190798.00000","192422.00000","La Rioja"
"2019","388386.00000","193364.00000","195022.00000","La Rioja"
"2020","393531.00000","195919.00000","197612.00000","La Rioja"
"2021","398648.00000","198459.00000","200189.00000","La Rioja"
"2022","403727.00000","200980.00000","202747.00000","La Rioja"
"2023","408760.00000","203476.00000","205284.00000","La Rioja"
"2024","413735.00000","205942.00000","207793.00000","La Rioja"
"2025","418645.00000","208374.00000","210271.00000","La Rioja"
"2026","423488.00000","210770.00000","212718.00000","La Rioja"
"2027","428256.00000","213127.00000","215129.00000","La Rioja"
"2028","432944.00000","215442.00000","217502.00000","La Rioja"
"2029","437549.00000","217713.00000","219836.00000","La Rioja"
"2030","442067.00000","219938.00000","222129.00000","La Rioja"
"2031","446498.00000","222118.00000","224380.00000","La Rioja"
"2032","450839.00000","224251.00000","226588.00000","La Rioja"
"2033","455091.00000","226338.00000","228753.00000","La Rioja"
"2034","459255.00000","228379.00000","230876.00000","La Rioja"
"2035","463331.00000","230375.00000","232956.00000","La Rioja"
"2036","467323.00000","232328.00000","234995.00000","La Rioja"
"2037","471232.00000","234238.00000","236994.00000","La Rioja"
"2038","475062.00000","236108.00000","238954.00000","La Rioja"
"2039","478816.00000","237940.00000","240876.00000","La Rioja"
"2040","482498.00000","239735.00000","242763.00000","La Rioja"
"2010","1774737.00000","869428.00000","905309.00000","Mendoza"
"2011","1797235.00000","880869.00000","916366.00000","Mendoza"
"2012","1819608.00000","892249.00000","927359.00000","Mendoza"
"2013","1841813.00000","903547.00000","938266.00000","Mendoza"
"2014","1863809.00000","914741.00000","949068.00000","Mendoza"
"2015","1885551.00000","925809.00000","959742.00000","Mendoza"
"2016","1907045.00000","936753.00000","970292.00000","Mendoza"
"2017","1928304.00000","947581.00000","980723.00000","Mendoza"
"2018","1949293.00000","958274.00000","991019.00000","Mendoza"
"2019","1969982.00000","968816.00000","1001166.00000","Mendoza"
"2020","1990338.00000","979191.00000","1011147.00000","Mendoza"
"2021","2010363.00000","989400.00000","1020963.00000","Mendoza"
"2022","2030061.00000","999446.00000","1030615.00000","Mendoza"
"2023","2049411.00000","1009317.00000","1040094.00000","Mendoza"
"2024","2068396.00000","1019006.00000","1049390.00000","Mendoza"
"2025","2087006.00000","1028506.00000","1058500.00000","Mendoza"
"2026","2105259.00000","1037828.00000","1067431.00000","Mendoza"
"2027","2123178.00000","1046983.00000","1076195.00000","Mendoza"
"2028","2140766.00000","1055973.00000","1084793.00000","Mendoza"
"2029","2158023.00000","1064800.00000","1093223.00000","Mendoza"
"2030","2174953.00000","1073465.00000","1101488.00000","Mendoza"
"2031","2191575.00000","1081978.00000","1109597.00000","Mendoza"
"2032","2207912.00000","1090353.00000","1117559.00000","Mendoza"
"2033","2223969.00000","1098593.00000","1125376.00000","Mendoza"
"2034","2239753.00000","1106701.00000","1133052.00000","Mendoza"
"2035","2255267.00000","1114678.00000","1140589.00000","Mendoza"
"2036","2270521.00000","1122529.00000","1147992.00000","Mendoza"
"2037","2285519.00000","1130257.00000","1155262.00000","Mendoza"
"2038","2300262.00000","1137860.00000","1162402.00000","Mendoza"
"2039","2314745.00000","1145336.00000","1169409.00000","Mendoza"
"2040","2328963.00000","1152681.00000","1176282.00000","Mendoza"
"2010","1113279.00000","556697.00000","556582.00000","Misiones"
"2011","1128798.00000","564334.00000","564464.00000","Misiones"
"2012","1144189.00000","571915.00000","572274.00000","Misiones"
"2013","1159445.00000","579436.00000","580009.00000","Misiones"
"2014","1174542.00000","586884.00000","587658.00000","Misiones"
"2015","1189446.00000","594241.00000","595205.00000","Misiones"
"2016","1204182.00000","601518.00000","602664.00000","Misiones"
"2017","1218771.00000","608726.00000","610045.00000","Misiones"
"2018","1233177.00000","615846.00000","617331.00000","Misiones"
"2019","1247362.00000","622859.00000","624503.00000","Misiones"
"2020","1261294.00000","629747.00000","631547.00000","Misiones"
"2021","1274992.00000","636519.00000","638473.00000","Misiones"
"2022","1288476.00000","643186.00000","645290.00000","Misiones"
"2023","1301723.00000","649736.00000","651987.00000","Misiones"
"2024","1314714.00000","656159.00000","658555.00000","Misiones"
"2025","1327431.00000","662445.00000","664986.00000","Misiones"
"2026","1339893.00000","668604.00000","671289.00000","Misiones"
"2027","1352117.00000","674645.00000","677472.00000","Misiones"
"2028","1364086.00000","680558.00000","683528.00000","Misiones"
"2029","1375781.00000","686333.00000","689448.00000","Misiones"
"2030","1387184.00000","691961.00000","695223.00000","Misiones"
"2031","1398304.00000","697447.00000","700857.00000","Misiones"
"2032","1409156.00000","702799.00000","706357.00000","Misiones"
"2033","1419725.00000","708009.00000","711716.00000","Misiones"
"2034","1429997.00000","713071.00000","716926.00000","Misiones"
"2035","1439958.00000","717977.00000","721981.00000","Misiones"
"2036","1449601.00000","722726.00000","726875.00000","Misiones"
"2037","1458924.00000","727315.00000","731609.00000","Misiones"
"2038","1467913.00000","731739.00000","736174.00000","Misiones"
"2039","1476556.00000","735992.00000","740564.00000","Misiones"
"2040","1484840.00000","740068.00000","744772.00000","Misiones"
"2010","571910.00000","284848.00000","287062.00000","Neuquén"
"2011","581720.00000","289679.00000","292041.00000","Neuquén"
"2012","591422.00000","294454.00000","296968.00000","Neuquén"
"2013","601003.00000","299165.00000","301838.00000","Neuquén"
"2014","610449.00000","303806.00000","306643.00000","Neuquén"
"2015","619745.00000","308370.00000","311375.00000","Neuquén"
"2016","628897.00000","312859.00000","316038.00000","Neuquén"
"2017","637913.00000","317278.00000","320635.00000","Neuquén"
"2018","646784.00000","321623.00000","325161.00000","Neuquén"
"2019","655501.00000","325888.00000","329613.00000","Neuquén"
"2020","664057.00000","330070.00000","333987.00000","Neuquén"
"2021","672461.00000","334174.00000","338287.00000","Neuquén"
"2022","680726.00000","338206.00000","342520.00000","Neuquén"
"2023","688850.00000","342167.00000","346683.00000","Neuquén"
"2024","696833.00000","346055.00000","350778.00000","Neuquén"
"2025","704673.00000","349870.00000","354803.00000","Neuquén"
"2026","712383.00000","353619.00000","358764.00000","Neuquén"
"2027","719973.00000","357308.00000","362665.00000","Neuquén"
"2028","727444.00000","360937.00000","366507.00000","Neuquén"
"2029","734793.00000","364505.00000","370288.00000","Neuquén"
"2030","742015.00000","368010.00000","374005.00000","Neuquén"
"2031","749119.00000","371458.00000","377661.00000","Neuquén"
"2032","756107.00000","374849.00000","381258.00000","Neuquén"
"2033","762975.00000","378181.00000","384794.00000","Neuquén"
"2034","769720.00000","381454.00000","388266.00000","Neuquén"
"2035","776338.00000","384666.00000","391672.00000","Neuquén"
"2036","782827.00000","387816.00000","395011.00000","Neuquén"
"2037","789191.00000","390907.00000","398284.00000","Neuquén"
"2038","795423.00000","393935.00000","401488.00000","Neuquén"
"2039","801521.00000","396900.00000","404621.00000","Neuquén"
"2040","807482.00000","399800.00000","407682.00000","Neuquén"
"2010","648277.00000","322712.00000","325565.00000","Río Negro"
"2011","658486.00000","327873.00000","330613.00000","Río Negro"
"2012","668663.00000","333014.00000","335649.00000","Río Negro"
"2013","678797.00000","338129.00000","340668.00000","Río Negro"
"2014","688873.00000","343212.00000","345661.00000","Río Negro"
"2015","698874.00000","348253.00000","350621.00000","Río Negro"
"2016","708799.00000","353253.00000","355546.00000","Río Negro"
"2017","718646.00000","358210.00000","360436.00000","Río Negro"
"2018","728403.00000","363118.00000","365285.00000","Río Negro"
"2019","738060.00000","367973.00000","370087.00000","Río Negro"
"2020","747610.00000","372770.00000","374840.00000","Río Negro"
"2021","757052.00000","377510.00000","379542.00000","Río Negro"
"2022","766387.00000","382193.00000","384194.00000","Río Negro"
"2023","775610.00000","386817.00000","388793.00000","Río Negro"
"2024","784715.00000","391379.00000","393336.00000","Río Negro"
"2025","793697.00000","395877.00000","397820.00000","Río Negro"
"2026","802561.00000","400313.00000","402248.00000","Río Negro"
"2027","811311.00000","404690.00000","406621.00000","Río Negro"
"2028","819946.00000","409007.00000","410939.00000","Río Negro"
"2029","828459.00000","413262.00000","415197.00000","Río Negro"
"2030","836851.00000","417454.00000","419397.00000","Río Negro"
"2031","845121.00000","421585.00000","423536.00000","Río Negro"
"2032","853269.00000","425654.00000","427615.00000","Río Negro"
"2033","861296.00000","429663.00000","431633.00000","Río Negro"
"2034","869196.00000","433608.00000","435588.00000","Río Negro"
"2035","876969.00000","437490.00000","439479.00000","Río Negro"
"2036","884612.00000","441308.00000","443304.00000","Río Negro"
"2037","892125.00000","445062.00000","447063.00000","Río Negro"
"2038","899508.00000","448752.00000","450756.00000","Río Negro"
"2039","906759.00000","452377.00000","454382.00000","Río Negro"
"2040","913879.00000","455938.00000","457941.00000","Río Negro"
"2010","1239111.00000","613103.00000","626008.00000","Salta"
"2011","1258111.00000","622489.00000","635622.00000","Salta"
"2012","1277062.00000","631855.00000","645207.00000","Salta"
"2013","1295944.00000","641191.00000","654753.00000","Salta"
"2014","1314726.00000","650481.00000","664245.00000","Salta"
"2015","1333365.00000","659702.00000","673663.00000","Salta"
"2016","1351878.00000","668863.00000","683015.00000","Salta"
"2017","1370283.00000","677974.00000","692309.00000","Salta"
"2018","1388532.00000","687008.00000","701524.00000","Salta"
"2019","1406584.00000","695946.00000","710638.00000","Salta"
"2020","1424397.00000","704765.00000","719632.00000","Salta"
"2021","1441988.00000","713474.00000","728514.00000","Salta"
"2022","1459378.00000","722085.00000","737293.00000","Salta"
"2023","1476539.00000","730582.00000","745957.00000","Salta"
"2024","1493448.00000","738954.00000","754494.00000","Salta"
"2025","1510087.00000","747191.00000","762896.00000","Salta"
"2026","1526480.00000","755306.00000","771174.00000","Salta"
"2027","1542650.00000","763311.00000","779339.00000","Salta"
"2028","1558584.00000","771199.00000","787385.00000","Salta"
"2029","1574262.00000","778960.00000","795302.00000","Salta"
"2030","1589668.00000","786586.00000","803082.00000","Salta"
"2031","1604807.00000","794078.00000","810729.00000","Salta"
"2032","1619690.00000","801444.00000","818246.00000","Salta"
"2033","1634300.00000","808674.00000","825626.00000","Salta"
"2034","1648618.00000","815759.00000","832859.00000","Salta"
"2035","1662631.00000","822693.00000","839938.00000","Salta"
"2036","1676343.00000","829477.00000","846866.00000","Salta"
"2037","1689758.00000","836113.00000","853645.00000","Salta"
"2038","1702871.00000","842599.00000","860272.00000","Salta"
"2039","1715673.00000","848930.00000","866743.00000","Salta"
"2040","1728163.00000","855106.00000","873057.00000","Salta"
"2010","696076.00000","343077.00000","352999.00000","San Juan"
"2011","704652.00000","347533.00000","357119.00000","San Juan"
"2012","713240.00000","351996.00000","361244.00000","San Juan"
"2013","721830.00000","356460.00000","365370.00000","San Juan"
"2014","730408.00000","360918.00000","369490.00000","San Juan"
"2015","738959.00000","365362.00000","373597.00000","San Juan"
"2016","747488.00000","369794.00000","377694.00000","San Juan"
"2017","755994.00000","374215.00000","381779.00000","San Juan"
"2018","764464.00000","378617.00000","385847.00000","San Juan"
"2019","772876.00000","382990.00000","389886.00000","San Juan"
"2020","781217.00000","387326.00000","393891.00000","San Juan"
"2021","789489.00000","391627.00000","397862.00000","San Juan"
"2022","797697.00000","395895.00000","401802.00000","San Juan"
"2023","805830.00000","400125.00000","405705.00000","San Juan"
"2024","813878.00000","404312.00000","409566.00000","San Juan"
"2025","821835.00000","408452.00000","413383.00000","San Juan"
"2026","829702.00000","412547.00000","417155.00000","San Juan"
"2027","837479.00000","416597.00000","420882.00000","San Juan"
"2028","845154.00000","420596.00000","424558.00000","San Juan"
"2029","852715.00000","424538.00000","428177.00000","San Juan"
"2030","860152.00000","428417.00000","431735.00000","San Juan"
"2031","867459.00000","432231.00000","435228.00000","San Juan"
"2032","874633.00000","435978.00000","438655.00000","San Juan"
"2033","881664.00000","439654.00000","442010.00000","San Juan"
"2034","888545.00000","443254.00000","445291.00000","San Juan"
"2035","895265.00000","446773.00000","448492.00000","San Juan"
"2036","901827.00000","450212.00000","451615.00000","San Juan"
"2037","908233.00000","453572.00000","454661.00000","San Juan"
"2038","914478.00000","456850.00000","457628.00000","San Juan"
"2039","920560.00000","460044.00000","460516.00000","San Juan"
"2040","926479.00000","463155.00000","463324.00000","San Juan"
"2010","443944.00000","219940.00000","224004.00000","San Luis"
"2011","450434.00000","223189.00000","227245.00000","San Luis"
"2012","456924.00000","226438.00000","230486.00000","San Luis"
"2013","463411.00000","229686.00000","233725.00000","San Luis"
"2014","469889.00000","232930.00000","236959.00000","San Luis"
"2015","476351.00000","236166.00000","240185.00000","San Luis"
"2016","482796.00000","239393.00000","243403.00000","San Luis"
"2017","489225.00000","242612.00000","246613.00000","San Luis"
"2018","495629.00000","245817.00000","249812.00000","San Luis"
"2019","502000.00000","249005.00000","252995.00000","San Luis"
"2020","508328.00000","252170.00000","256158.00000","San Luis"
"2021","514610.00000","255311.00000","259299.00000","San Luis"
"2022","520845.00000","258428.00000","262417.00000","San Luis"
"2023","527023.00000","261514.00000","265509.00000","San Luis"
"2024","533137.00000","264567.00000","268570.00000","San Luis"
"2025","539178.00000","267582.00000","271596.00000","San Luis"
"2026","545144.00000","270559.00000","274585.00000","San Luis"
"2027","551032.00000","273496.00000","277536.00000","San Luis"
"2028","556840.00000","276392.00000","280448.00000","San Luis"
"2029","562560.00000","279242.00000","283318.00000","San Luis"
"2030","568188.00000","282046.00000","286142.00000","San Luis"
"2031","573720.00000","284801.00000","288919.00000","San Luis"
"2032","579154.00000","287506.00000","291648.00000","San Luis"
"2033","584488.00000","290161.00000","294327.00000","San Luis"
"2034","589716.00000","292763.00000","296953.00000","San Luis"
"2035","594835.00000","295310.00000","299525.00000","San Luis"
"2036","599847.00000","297803.00000","302044.00000","San Luis"
"2037","604751.00000","300241.00000","304510.00000","San Luis"
"2038","609547.00000","302625.00000","306922.00000","San Luis"
"2039","614236.00000","304955.00000","309281.00000","San Luis"
"2040","618818.00000","307232.00000","311586.00000","San Luis"
"2010","275452.00000","141644.00000","133808.00000","Santa Cruz"
"2011","284414.00000","146235.00000","138179.00000","Santa Cruz"
"2012","293407.00000","150842.00000","142565.00000","Santa Cruz"
"2013","302420.00000","155459.00000","146961.00000","Santa Cruz"
"2014","311444.00000","160081.00000","151363.00000","Santa Cruz"
"2015","320469.00000","164703.00000","155766.00000","Santa Cruz"
"2016","329499.00000","169327.00000","160172.00000","Santa Cruz"
"2017","338542.00000","173956.00000","164586.00000","Santa Cruz"
"2018","347593.00000","178589.00000","169004.00000","Santa Cruz"
"2019","356647.00000","183222.00000","173425.00000","Santa Cruz"
"2020","365698.00000","187852.00000","177846.00000","Santa Cruz"
"2021","374756.00000","192484.00000","182272.00000","Santa Cruz"
"2022","383827.00000","197121.00000","186706.00000","Santa Cruz"
"2023","392904.00000","201759.00000","191145.00000","Santa Cruz"
"2024","401984.00000","206396.00000","195588.00000","Santa Cruz"
"2025","411065.00000","211032.00000","200033.00000","Santa Cruz"
"2026","420152.00000","215668.00000","204484.00000","Santa Cruz"
"2027","429253.00000","220309.00000","208944.00000","Santa Cruz"
"2028","438368.00000","224954.00000","213414.00000","Santa Cruz"
"2029","447491.00000","229601.00000","217890.00000","Santa Cruz"
"2030","456620.00000","234248.00000","222372.00000","Santa Cruz"
"2031","465759.00000","238897.00000","226862.00000","Santa Cruz"
"2032","474908.00000","243548.00000","231360.00000","Santa Cruz"
"2033","484064.00000","248199.00000","235865.00000","Santa Cruz"
"2034","493221.00000","252847.00000","240374.00000","Santa Cruz"
"2035","502376.00000","257491.00000","244885.00000","Santa Cruz"
"2036","511524.00000","262128.00000","249396.00000","Santa Cruz"
"2037","520663.00000","266756.00000","253907.00000","Santa Cruz"
"2038","529786.00000","271372.00000","258414.00000","Santa Cruz"
"2039","538886.00000","275973.00000","262913.00000","Santa Cruz"
"2040","547960.00000","280557.00000","267403.00000","Santa Cruz"
"2010","3257907.00000","1582187.00000","1675720.00000","Santa Fe"
"2011","3285408.00000","1595978.00000","1689430.00000","Santa Fe"
"2012","3313212.00000","1609962.00000","1703250.00000","Santa Fe"
"2013","3341228.00000","1624091.00000","1717137.00000","Santa Fe"
"2014","3369365.00000","1638315.00000","1731050.00000","Santa Fe"
"2015","3397532.00000","1652581.00000","1744951.00000","Santa Fe"
"2016","3425656.00000","1666849.00000","1758807.00000","Santa Fe"
"2017","3453674.00000","1681084.00000","1772590.00000","Santa Fe"
"2018","3481514.00000","1695244.00000","1786270.00000","Santa Fe"
"2019","3509113.00000","1709293.00000","1799820.00000","Santa Fe"
"2020","3536418.00000","1723202.00000","1813216.00000","Santa Fe"
"2021","3563390.00000","1736949.00000","1826441.00000","Santa Fe"
"2022","3589999.00000","1750516.00000","1839483.00000","Santa Fe"
"2023","3616227.00000","1763893.00000","1852334.00000","Santa Fe"
"2024","3642063.00000","1777073.00000","1864990.00000","Santa Fe"
"2025","3667505.00000","1790055.00000","1877450.00000","Santa Fe"
"2026","3692543.00000","1802832.00000","1889711.00000","Santa Fe"
"2027","3717160.00000","1815397.00000","1901763.00000","Santa Fe"
"2028","3741348.00000","1827746.00000","1913602.00000","Santa Fe"
"2029","3765111.00000","1839880.00000","1925231.00000","Santa Fe"
"2030","3788453.00000","1851803.00000","1936650.00000","Santa Fe"
"2031","3811368.00000","1863513.00000","1947855.00000","Santa Fe"
"2032","3833857.00000","1875010.00000","1958847.00000","Santa Fe"
"2033","3855933.00000","1886302.00000","1969631.00000","Santa Fe"
"2034","3877606.00000","1897394.00000","1980212.00000","Santa Fe"
"2035","3898888.00000","1908293.00000","1990595.00000","Santa Fe"
"2036","3919780.00000","1919000.00000","2000780.00000","Santa Fe"
"2037","3940283.00000","1929517.00000","2010766.00000","Santa Fe"
"2038","3960409.00000","1939849.00000","2020560.00000","Santa Fe"
"2039","3980166.00000","1950001.00000","2030165.00000","Santa Fe"
"2040","3999563.00000","1959977.00000","2039586.00000","Santa Fe"
"2010","879246.00000","438380.00000","440866.00000","Santiago del Estero"
"2011","888809.00000","443034.00000","445775.00000","Santiago del Estero"
"2012","898484.00000","447753.00000","450731.00000","Santiago del Estero"
"2013","908268.00000","452534.00000","455734.00000","Santiago del Estero"
"2014","918147.00000","457369.00000","460778.00000","Santiago del Estero"
"2015","928097.00000","462244.00000","465853.00000","Santiago del Estero"
"2016","938109.00000","467154.00000","470955.00000","Santiago del Estero"
"2017","948172.00000","472093.00000","476079.00000","Santiago del Estero"
"2018","958251.00000","477042.00000","481209.00000","Santiago del Estero"
"2019","968309.00000","481983.00000","486326.00000","Santiago del Estero"
"2020","978313.00000","486897.00000","491416.00000","Santiago del Estero"
"2021","988245.00000","491775.00000","496470.00000","Santiago del Estero"
"2022","998093.00000","496611.00000","501482.00000","Santiago del Estero"
"2023","1007830.00000","501391.00000","506439.00000","Santiago del Estero"
"2024","1017428.00000","506101.00000","511327.00000","Santiago del Estero"
"2025","1026866.00000","510729.00000","516137.00000","Santiago del Estero"
"2026","1036139.00000","515273.00000","520866.00000","Santiago del Estero"
"2027","1045247.00000","519733.00000","525514.00000","Santiago del Estero"
"2028","1054179.00000","524104.00000","530075.00000","Santiago del Estero"
"2029","1062924.00000","528380.00000","534544.00000","Santiago del Estero"
"2030","1071469.00000","532554.00000","538915.00000","Santiago del Estero"
"2031","1079809.00000","536624.00000","543185.00000","Santiago del Estero"
"2032","1087938.00000","540587.00000","547351.00000","Santiago del Estero"
"2033","1095850.00000","544439.00000","551411.00000","Santiago del Estero"
"2034","1103532.00000","548175.00000","555357.00000","Santiago del Estero"
"2035","1110978.00000","551792.00000","559186.00000","Santiago del Estero"
"2036","1118189.00000","555290.00000","562899.00000","Santiago del Estero"
"2037","1125165.00000","558670.00000","566495.00000","Santiago del Estero"
"2038","1131905.00000","561932.00000","569973.00000","Santiago del Estero"
"2039","1138412.00000","565078.00000","573334.00000","Santiago del Estero"
"2040","1144686.00000","568107.00000","576579.00000","Santiago del Estero"
"2010","131661.00000","67235.00000","64426.00000","Tierra del Fuego"
"2011","135742.00000","69310.00000","66432.00000","Tierra del Fuego"
"2012","139852.00000","71398.00000","68454.00000","Tierra del Fuego"
"2013","143987.00000","73498.00000","70489.00000","Tierra del Fuego"
"2014","148143.00000","75608.00000","72535.00000","Tierra del Fuego"
"2015","152317.00000","77725.00000","74592.00000","Tierra del Fuego"
"2016","156509.00000","79850.00000","76659.00000","Tierra del Fuego"
"2017","160720.00000","81983.00000","78737.00000","Tierra del Fuego"
"2018","164944.00000","84121.00000","80823.00000","Tierra del Fuego"
"2019","169183.00000","86265.00000","82918.00000","Tierra del Fuego"
"2020","173432.00000","88412.00000","85020.00000","Tierra del Fuego"
"2021","177697.00000","90565.00000","87132.00000","Tierra del Fuego"
"2022","181983.00000","92727.00000","89256.00000","Tierra del Fuego"
"2023","186285.00000","94895.00000","91390.00000","Tierra del Fuego"
"2024","190601.00000","97068.00000","93533.00000","Tierra del Fuego"
"2025","194926.00000","99244.00000","95682.00000","Tierra del Fuego"
"2026","199248.00000","101416.00000","97832.00000","Tierra del Fuego"
"2027","203558.00000","103580.00000","99978.00000","Tierra del Fuego"
"2028","207851.00000","105732.00000","102119.00000","Tierra del Fuego"
"2029","212126.00000","107872.00000","104254.00000","Tierra del Fuego"
"2030","216380.00000","110000.00000","106380.00000","Tierra del Fuego"
"2031","220617.00000","112117.00000","108500.00000","Tierra del Fuego"
"2032","224843.00000","114226.00000","110617.00000","Tierra del Fuego"
"2033","229055.00000","116326.00000","112729.00000","Tierra del Fuego"
"2034","233252.00000","118417.00000","114835.00000","Tierra del Fuego"
"2035","237433.00000","120498.00000","116935.00000","Tierra del Fuego"
"2036","241593.00000","122567.00000","119026.00000","Tierra del Fuego"
"2037","245734.00000","124625.00000","121109.00000","Tierra del Fuego"
"2038","249853.00000","126670.00000","123183.00000","Tierra del Fuego"
"2039","253948.00000","128702.00000","125246.00000","Tierra del Fuego"
"2040","258020.00000","130721.00000","127299.00000","Tierra del Fuego"
"2010","1489225.00000","733744.00000","755481.00000","Tucumán"
"2011","1509932.00000","744127.00000","765805.00000","Tucumán"
"2012","1530689.00000","754541.00000","776148.00000","Tucumán"
"2013","1551460.00000","764968.00000","786492.00000","Tucumán"
"2014","1572205.00000","775385.00000","796820.00000","Tucumán"
"2015","1592878.00000","785767.00000","807111.00000","Tucumán"
"2016","1613476.00000","796112.00000","817364.00000","Tucumán"
"2017","1633992.00000","806416.00000","827576.00000","Tucumán"
"2018","1654388.00000","816658.00000","837730.00000","Tucumán"
"2019","1674622.00000","826817.00000","847805.00000","Tucumán"
"2020","1694656.00000","836871.00000","857785.00000","Tucumán"
"2021","1714487.00000","846819.00000","867668.00000","Tucumán"
"2022","1734118.00000","856662.00000","877456.00000","Tucumán"
"2023","1753523.00000","866387.00000","887136.00000","Tucumán"
"2024","1772680.00000","875982.00000","896698.00000","Tucumán"
"2025","1791571.00000","885438.00000","906133.00000","Tucumán"
"2026","1810210.00000","894762.00000","915448.00000","Tucumán"
"2027","1828610.00000","903961.00000","924649.00000","Tucumán"
"2028","1846761.00000","913032.00000","933729.00000","Tucumán"
"2029","1864652.00000","921969.00000","942683.00000","Tucumán"
"2030","1882275.00000","930769.00000","951506.00000","Tucumán"
"2031","1899633.00000","939434.00000","960199.00000","Tucumán"
"2032","1916730.00000","947968.00000","968762.00000","Tucumán"
"2033","1933560.00000","956368.00000","977192.00000","Tucumán"
"2034","1950114.00000","964630.00000","985484.00000","Tucumán"
"2035","1966384.00000","972751.00000","993633.00000","Tucumán"
"2036","1982373.00000","980734.00000","1001639.00000","Tucumán"
"2037","1998086.00000","988581.00000","1009505.00000","Tucumán"
"2038","2013520.00000","996292.00000","1017228.00000","Tucumán"
"2039","2028678.00000","1003868.00000","1024810.00000","Tucumán"
"2040","2043560.00000","1011310.00000","1032250.00000","Tucumán"
